category,exercise
سینه,پرس سینه با هالتر
سینه,پرس سینه با دمبل
سینه,پرس بالا سینه با هالتر
سینه,پرس بالا سینه با دمبل
سینه,پرس زیر سینه با هالتر
سینه,پرس سینه دستگاه
سینه,فلای دمبل
سینه,فلای بالا سینه با دمبل
سینه,فلای دستگاه (پک دک)
سینه,کراس اوور کابل
سینه,شنا سوئدی
سینه,پول اور با دمبل
سینه,دیپ سینه
زیربغل,بارفیکس دست باز
زیربغل,بارفیکس دست جمع
زیربغل,لت پول داون دست باز
زیربغل,لت پول داون دست جمع
زیربغل,زیربغل هالتر خم
زیربغل,زیربغل دمبل تک دست
زیربغل,زیربغل کابل نشسته
زیربغل,زیربغل تی بار
زیربغل,زیربغل دستگاه
زیربغل,ددلیفت
زیربغل,هایپراکستنشن
شانه,پرس سرشانه هالتر
شانه,پرس سرشانه دمبل
شانه,پرس سرشانه دستگاه
شانه,پرس آرنولد
شانه,نشر از جانب با دمبل
شانه,نشر از جانب با کابل
شانه,نشر از جلو با دمبل
شانه,نشر از جلو با هالتر
شانه,نشر خم با دمبل
شانه,نشر خم دستگاه
شانه,فیس پول
تراپز,شراگ با هالتر
تراپز,شراگ با دمبل
تراپز,زیرچانه با هالتر
جلوبازو,جلوبازو هالتر ایستاده
جلوبازو,جلوبازو هالتر ای زد
جلوبازو,جلوبازو دمبل
جلوبازو,جلوبازو دمبل چکشی
جلوبازو,جلوبازو دمبل نشسته
جلوبازو,جلوبازو اسکات
جلوبازو,جلوبازو کابل
جلوبازو,جلوبازو تمرکزی
جلوبازو,جلوبازو دمبل روی نیمکت شیب دار
پشت بازو,پشت بازو سیمکش
پشت بازو,پشت بازو سیمکش طناب
پشت بازو,پشت بازو هالتر خوابیده
پشت بازو,پشت بازو دمبل خوابیده
پشت بازو,پشت بازو دمبل پشت سر
پشت بازو,پشت بازو دمبل تک دست
پشت بازو,پشت بازو دستگاه
پشت بازو,دیپ پشت بازو
پشت بازو,پرس سینه دست جمع
پشت بازو,کیک بک پشت بازو
ساعد,مچ بند جلو با هالتر
ساعد,مچ بند پشت با هالتر
ساعد,جلوبازو هالتر معکوس
ساعد,مچ بند دمبل
جلوپا,اسکات با هالتر
جلوپا,اسکات جلو
جلوپا,پرس پا
جلوپا,جلوپا دستگاه
جلوپا,هاک اسکات
جلوپا,لانج با دمبل
جلوپا,اسکات بلغاری
جلوپا,ادداکشن دستگاه
پشت پا,پشت پا دستگاه خوابیده
پشت پا,پشت پا دستگاه نشسته
پشت پا,ددلیفت رومانیایی
پشت پا,گودمورنینگ
سرینی,هیپ تراست
سرینی,کیک بک کابل
سرینی,ابداکشن دستگاه
ساق پا,ساق ایستاده دستگاه
ساق پا,ساق نشسته دستگاه
ساق پا,ساق با پرس پا
ساق پا,ساق ایستاده با هالتر
شکم,کرانچ
شکم,کرانچ معکوس
شکم,کرانچ کابل
شکم,بالا آوردن پا خوابیده
شکم,بالا آوردن پا آویزان
شکم,کرانچ دوچرخه
شکم,چرخش روسی
شکم,پلانک
شکم,چرخ شکم
کاردیو,تردمیل
کاردیو,پیاده روی با شیب روی تردمیل
کاردیو,دوچرخه ثابت
کاردیو,الپتیکال
کاردیو,روئینگ
کاردیو,استپر
کاردیو,طناب زدن
